{
  "last_mentions": {},
  "alerted_at": {
    "CASHCAT": 1784086112.305032,
    "DRV": 1784063559.9148908
  }
}