{
  "last_mentions": {},
  "alerted_at": {
    "CASHCAT": 1784037955.2139888,
    "DRV": 1784037955.2139888
  }
}