{
  "last_mentions": {},
  "alerted_at": {
    "CASHCAT": 1784108013.5602217,
    "DRV": 1784094671.5328841
  }
}