{
  "last_mentions": {},
  "alerted_at": {
    "CASHCAT": 1784131034.9164147,
    "DRV": 1784094671.5328841,
    "KAITO": 1784284076.5125458,
    "XEC": 1784378041.685437,
    "B": 1784472273.1078167
  }
}