{
  "last_mentions": {},
  "alerted_at": {
    "CASHCAT": 1784063559.9148908,
    "DRV": 1784063559.9148908
  }
}