{
  "last_mentions": {},
  "alerted_at": {
    "CASHCAT": 1784131034.9164147,
    "DRV": 1784094671.5328841,
    "KAITO": 1784475498.5490072,
    "XEC": 1784378041.685437,
    "B": 1784496680.505922,
    "BANK": 1784849631.7879057,
    "BONK": 1784615970.2958739,
    "DEXE": 1784876671.8901896,
    "ZAMA": 1784855063.3280854,
    "AERO": 1784829568.128316,
    "RIF": 1784846130.3820095
  }
}